Video Id,Description,Hashtags,Author Id,Author,Author Nickname,Author Verified,Sound ID,Sound Name,Sound Artist,Sound OriginalPlay Count,Share Count,Comment Count,Play Address,Sound Url
6839416095586159878,Repost üòá #catsoftiktok #viral #funny #cute #cutness #foryoupage,"catsoftiktok, viral, funny, cute, cutness, foryoupage, ÂØµÁâ©Ëø∑Âõ†, ÁõÆÁ∑ö„Ç∑„Éß„ÉÉ„Éà",6832141644758975494,britishpromise.cats,British Promise Cats,False,6839416100652894982,origineel geluid,British Promise Cats,True,301400000,2800000,468100,https://v16-webapp.tiktok.com/3db008d028698c1cda1f78b1b181ee9e/632914ba/video/tos/useast2a/tos-useast2a-ve-0068c004/2362532506c24a66be8a02a69273732d/?a=1988&ch=0&cr=0&dr=0&lr=tiktok_m&cd=0%7C0%7C1%7C0&cv=1&br=2652&bt=1326&cs=0&ds=3&ft=eXd.6HHoMyq8Zs5hshe2N1YTyl7Gb&mime_type=video_mp4&qs=0&rc=ODQ7PGRmOWY7OTxkZ2c2O0BpM2tmOHM1Ojc6dTMzMzczM0BeNGFgX2AtXi0xLTE0X2BjYSNeYm1nLjE0bWlfLS1iMTZzcw%3D%3D&l=202209200017340102230771541381D4E8&btag=80000,https://sf16-ies-music-va.tiktokcdn.com/obj/musically-maliva-obj/6839416075390552838.mp3
6915785138202758401,Wee #foryou #foryoupage #tiktok #wee #funny #dog #animals #4u #xyzbca #fypage #fail #fyp #viral,"foryou, foryoupage, tiktok, wee, funny, dog, animals, 4u, xyzbca, fypage, fail, fyp, viral, Ê≠êÁæéËø∑Âõ†, —É–∏, ËêåÂØµÊêûÁ¨ëÂêàÈõÜ",6910135297574568961,funnyvids2k21,Funny Vids 2k21,False,6901784069365975809,.....Wiii,‚ö° ùïµùñäùñòùñöùñò‚ö°,True,229200000,1300000,234800,https://v16-webapp.tiktok.com/39c99c90617cf483320014af7d3ff0bc/632914b5/video/tos/alisg/tos-alisg-pve-0037c001/1baf2904a3544aba976c2e6da24c3f30/?a=1988&ch=0&cr=0&dr=0&lr=tiktok_m&cd=0%7C0%7C1%7C0&cv=1&br=3768&bt=1884&cs=0&ds=3&ft=eXd.6HHoMyq8Zs5hshe2NkIjyl7Gb&mime_type=video_mp4&qs=0&rc=NWczOzk3Ojs5NmdoNDUzZ0Bpamw2bnYzcGV2eTMzZDczM0A0YzVeX2BjNTIxMC4tMTUtYSNxZGBmamg0b3BfLS1eMTRzcw%3D%3D&l=202209200017340102140290270B81FEBC&btag=80000,https://sf16-ies-music-sg.tiktokcdn.com/obj/tiktok-obj/6903845589205715713.mp3
6869149203290000645,Our WHOLE Zoom class pranked our teacher üòÇüòÇ (she was so confused!!) #foryou #foryoupage #fyp #tiktok #viral #funny #trend #trending #funny #lol,"foryou, foryoupage, fyp, tiktok, viral, funny, trend, trending, lol, ÈÅ†Ë∑ùÊïôÂ≠∏, trynottolaughtiktoktv",6734403205457642502,samuelgrubbs,Samuel Grubbs,True,6840839890826038022,M to the B,Millie B,False,171300000,433700,214600,https://v16-webapp.tiktok.com/280f91319da57d60c4368951c67503d4/632914bd/video/tos/useast2a/tos-useast2a-ve-0068c004/d4525cf6f62e4cb49d698fd3d8af107c/?a=1988&ch=0&cr=0&dr=0&lr=tiktok_m&cd=0%7C0%7C1%7C0&cv=1&br=2302&bt=1151&cs=0&ds=3&ft=eXd.6HHoMyq8ZB5hshe2Nlewyl7Gb&mime_type=video_mp4&qs=0&rc=ZzppZmY8OTVnZTxoNTNnZkBpanFlZ3Q1aGo0dzMzZzczM0BhYC1gL2E2Xl4xYzEtYi41YSMwbGZeL2hycV5fLS0vMTZzcw%3D%3D&l=202209200017350102230771541381D524&btag=80000,https://sf16-ies-music-sg.tiktokcdn.com/obj/tos-alisg-ve-2774/015392f39c5947b5ae1e253cba0128f8
6924780149560986886,Had to make sure momma was there #funny #fyp #raccoons #love #bff #foryoupage #ThisorThatSBLV,"funny, fyp, raccoons, love, bff, foryoupage, ThisorThatSBLV",6924776941027329029,banditthecoon,Bandit the Raccoon,False,6924780218162875141,original sound,Bandit the Raccoon,True,111500000,395300,151000,https://v16-webapp.tiktok.com/8e806c831f30dacf678953c3639b9175/632914b9/video/tos/useast2a/tos-useast2a-ve-0068c001/17b25b2b08c34ca9ade23f543c866d76/?a=1988&ch=0&cr=0&dr=0&lr=tiktok_m&cd=0%7C0%7C1%7C0&cv=1&br=4842&bt=2421&cs=0&ds=3&ft=eXd.6HHoMyq8ZB5hshe2NLtwyl7Gb&mime_type=video_mp4&qs=0&rc=Zzo3ZmVkOmU7O2k1ZWYzaEBpajU2ZDtzcHF2MzMzOzczM0AzYC1iYGMxNWAxYGFeMWM0YSNqYnBxa2FyMmBgLS0xMTZzcw%3D%3D&l=202209200017350102230771541381D53A&btag=80000,https://sf16-ies-music-va.tiktokcdn.com/obj/musically-maliva-obj/6924780196830710534.mp3
7017118510044155142,Reply to @hankgreen1 @bunmousa not again #comedy #funny #alopecia,"comedy, funny, alopecia, trynottolaughtiktoktv",6635415767817043974,xtheromanempire,Nicolas Roman,False,6746993352891189249,Monkeys Spinning Monkeys,Kevin MacLeod & Kevin The Monkey,False,178200000,392200,102500,https://v16-webapp.tiktok.com/3d80a7a2560d0a4003606f2b3e190056/632914c0/video/tos/useast2a/tos-useast2a-ve-0068c003/b7b5a74be84747f7a73bf77445bd0a0a/?a=1988&ch=0&cr=0&dr=0&lr=tiktok_m&cd=0%7C0%7C1%7C0&cv=1&br=2572&bt=1286&cs=0&ds=3&ft=eXd.6HHoMyq8Z55hshe2NU_eyl7Gb&mime_type=video_mp4&qs=0&rc=aGdmNzc0aTxpO2U5NDw6OEBpMzc7a2c6Zjx2ODMzNzczM0AwLjQwMC00XzAxMmJhLi8yYSM2Xi9ecjQwcWRgLS1kMTZzcw%3D%3D&l=20220920001736010217019170107ECAF6&btag=80000,https://sf16-ies-music-sg.tiktokcdn.com/obj/tos-alisg-ve-2774/ea8ca7768b2142be9cafe3284d9b97fa
7082756534509309227,Who living here? #willsmith #asmr #oddlysatisfying #signs #funny #foryou #fyp @Austin Mollno,"willsmith, asmr, oddlysatisfying, signs, funny, foryou, fyp",6759070256088187909,the.sign.guy,Austin Mollno,False,6896221138586699778,My Name Is,D Billions,False,124200000,61700,44200,https://v16-webapp.tiktok.com/e497fbdd369b771a21227098d310338a/632914e3/video/tos/maliva/tos-maliva-ve-0068c799-us/b73199dacae0493d8af29c8611df9418/?a=1988&ch=0&cr=0&dr=0&lr=tiktok_m&cd=0%7C0%7C1%7C0&cv=1&br=2136&bt=1068&cs=0&ds=3&ft=eXd.6HHoMyq8Z55hshe2NJTLLl7Gb&mime_type=video_mp4&qs=0&rc=ODVoaWk5Mzw0MzQ8aTk6ZUBpM2hteTs6ZjxqPDMzZzczNEBhNmIuXzUuNjQxYzIwXy1gYSMuMF82cjRfLzJgLS1kMS9zcw%3D%3D&l=202209200017360102230771541381D55D&btag=80000,https://sf16-ies-music-sg.tiktokcdn.com/obj/tos-alisg-ve-2774/92e17053e6ff4514b97b23e728921c7c
7077904540791573806,The end üòÇüòÇ#animal #pet #cats #pets #pets #dogs #animals #dog #wee #funny #cat #fyp #ü§£ü§£ü§£,"animal, pet, cats, pets, dogs, animals, dog, wee, funny, cat, fyp, ü§£ü§£ü§£",7019230349620184069,funny_v.i.p,funny_v.i.p,False,7077904480049580843,original sound,funny_v.i.p,True,155500000,471400,76000,https://v16-webapp.tiktok.com/ba6bce6129b878f7168ed1fe9783ada7/632914d2/video/tos/maliva/tos-maliva-ve-0068c799-us/cf1ce58948af4a4aafea1a71af03b8ec/?a=1988&ch=0&cr=0&dr=0&lr=tiktok_m&cd=0%7C0%7C1%7C0&cv=1&br=2370&bt=1185&cs=0&ds=3&ft=eXd.6HHoMyq8ZX5hshe2NF_Aol7Gb&mime_type=video_mp4&qs=0&rc=O2U6aWdnZzllZTpkZDM7ZEBpamY1MzU6ZjV2OzMzZzczNEA2MWAwLzRjX2ExXzQzMGJgYSNqc2NwcjRnNXBgLS1kMS9zcw%3D%3D&l=202209200017370102230771541381D56C&btag=80000,https://sf16.tiktokcdn-us.com/obj/ies-music-tx/7077904539017661226.mp3
6974585687798500613,Wow!! #comedy #funny #mickeymouse #mickey #oddlysatisfying,"comedy, funny, mickeymouse, mickey, oddlysatisfying",133796870497267712,hassankhadair,Hassan Khadair-Bad Days Pod,False,6974585479937166085,original sound,Hassan Khadair-Bad Days Pod,True,122900000,364100,115700,https://v16-webapp.tiktok.com/1e3b3d014288c0724d783eadbd98cfae/632914be/video/tos/useast2a/tos-useast2a-ve-0068c003/ef2f22768eaa4b8ebe035d79e42be245/?a=1988&ch=0&cr=0&dr=0&lr=tiktok_m&cd=0%7C0%7C1%7C0&cv=1&br=2428&bt=1214&cs=0&ds=3&ft=eXd.6HHoMyq8ZX5hshe2Nswwyl7Gb&mime_type=video_mp4&qs=0&rc=ZDU3OGQzNWlkPDU7NmhlOUBpM29veXk8NjNlNjMzNzczM0AzNjQtXy8yNmMxLzFeMzE2YSNtcDJncDYvMDJgLS1kMTZzcw%3D%3D&l=20220920001737010190176014057FA391&btag=80000,https://sf16-ies-music-va.tiktokcdn.com/obj/musically-maliva-obj/6974585616222702341.mp3
6910202622200909058,@Dasha ÎãòÍ≥º #Ïù¥Ïñ¥Ï∞çÍ∏∞ #Ï∂îÏ≤ú #fyp #viral #funny #xyzbca #korean #„Åä„Åô„Åô„ÇÅ,"Ïù¥Ïñ¥Ï∞çÍ∏∞, Ï∂îÏ≤ú, fyp, viral, funny, xyzbca, korean, „Åä„Åô„Åô„ÇÅ",6869286989888406529,ox_zung,ÏõêÏ†ïÎß® WonJeong,True,6910202611203312386,Ïò§Î¶¨ÏßÄÎÑê ÏÇ¨Ïö¥Îìú - ÏõêÏ†ïÎß®,ÏõêÏ†ïÎß® WonJeong,True,152700000,159700,156100,https://v16-webapp.tiktok.com/8ccdb10702416107a0c4fe7be7eeecf6/632914bc/video/tos/alisg/tos-alisg-pve-0037c001/db9186befe2b4a6a9e494bc1e6d71bbf/?a=1988&ch=0&cr=0&dr=0&lr=tiktok&cd=0%7C0%7C1%7C0&cv=1&br=1920&bt=960&cs=0&ds=3&ft=eXd.6HHoMyq8Zj5hshe2N1cwyl7Gb&mime_type=video_mp4&qs=0&rc=NTw4NGc0OjpmaTs2OzkzaUBpM3Y8NjxwOzx5eTMzZDgzM0A0XjQtMTA1Xy8xY2JgNF4vYSNyM2QvbW9kZWZfLS0xLzRzcw%3D%3D&l=20220920001738010190176014057FA3A2&btag=80000,https://sf16-ies-music-sg.tiktokcdn.com/obj/tiktok-obj/6910202589510421250.mp3
7086283973344775470,#fyp #fun #memes #cute #petdog #foryou #funny #pet,"fyp, fun, memes, cute, petdog, foryou, funny, pet",7080819390647731243,lanzk80,Cute pets,False,7083901142652029739,nh·∫°c n·ªÅn,Pet Funny,True,302300000,995400,135000,https://v16-webapp.tiktok.com/7516b346d2c7d42a91f5c42b98de0f15/632914bc/video/tos/maliva/tos-maliva-ve-0068c799-us/4144a5177f4044b1866209df36d2f832/?a=1988&ch=0&cr=0&dr=0&lr=tiktok_m&cd=0%7C0%7C1%7C0&cv=1&br=3168&bt=1584&cs=0&ds=3&ft=eXd.6HHoMyq8Zj5hshe2N7tjyl7Gb&mime_type=video_mp4&qs=0&rc=N2k5PDhkNzY6ZDZlNjU1O0BpM2k1ZDY6ZjlyPDMzZzczNEBjMF81NjAzXmIxMC4uLTReYSNfZm1ucjRvZ19gLS1kMS9zcw%3D%3D&l=20220920001738010190176014057FA3B6&btag=80000,https://sf19.tiktokcdn-us.com/obj/ies-music-tx/7083901168933653294.mp3
7124089418192850182,Legend has it the item is still flyingü§£ #girlfriend #boyfriend #funny #couple #prank,"girlfriend, boyfriend, funny, couple, prank",6722546287470822406,kristenandreafe,LoveK&R,False,7094747276886723371,Hotel,Lawsy,False,100300000,187600,80900,https://v16-webapp.tiktok.com/4e1c82e50b6b72696cac0c0a5851d75e/632914bb/video/tos/useast2a/tos-useast2a-ve-0068c001/362a6d5805fa460499a245179ea9a9e9/?a=1988&ch=0&cr=0&dr=0&lr=tiktok_m&cd=0%7C0%7C1%7C0&cv=1&br=4448&bt=2224&cs=0&ds=3&ft=eXd.6HHoMyq8Zn5hshe2NCf4yl7Gb&mime_type=video_mp4&qs=0&rc=NWk7Ozc8PDQzaGQ0Mzo5PEBpM3k2Z2k6Zm13ZTMzNzczM0AxXjFjLWMvNS0xNV8wYy9iYSNjci0wcjRfZGJgLS1kMTZzcw%3D%3D&l=202209200017390102230771541381D5BD&btag=80000,https://sf16-ies-music-sg.tiktokcdn.com/obj/tos-alisg-ve-2774/de771020dc624b96821c92c748186744
7119070489296899334,Keep it down Char üòÆ‚Äçüí® #dogdad #funny #charli_puppydog,"dogdad, funny, charli_puppydog",6821084526959412230,charli_puppydog,Charli_Puppydog,False,7110639221295287086,original sound,444.songss,True,64900000,347300,139500,https://v16-webapp.tiktok.com/fb3f227ab8ed9c3af3e958c4ce5aa175/632914b9/video/tos/useast2a/tos-useast2a-pve-0068/306c78c79c7b40bba44cd460d9def097/?a=1988&ch=0&cr=0&dr=0&lr=tiktok_m&cd=0%7C0%7C1%7C0&cv=1&br=2266&bt=1133&cs=0&ds=3&ft=eXd.6HHoMyq8Zn5hshe2N1ioyl7Gb&mime_type=video_mp4&qs=0&rc=NGVoNWhkOmU0N2lnZDxkPEBpM2h4Njw6ZjozZTMzNzczM0BeM2JjXjRhXi4xMi4vNjQyYSM1aF9ecjRnMjNgLS1kMTZzcw%3D%3D&l=202209200017390102230771541381D5DC&btag=80000,https://sf16.tiktokcdn-us.com/obj/ies-music-tx/7110637067868195626.mp3
7082058297372593409,That HURT‚ÄºÔ∏èü§Ø #virall #funny #prank #fyp #foryourpage #tiktok,"virall, funny, prank, fyp, foryourpage, tiktok",6760610012346041350,orzutiextra,Or Zuti,True,6994724904944568322,abcdefu,GAYLE,False,245200000,283500,84100,https://v16-webapp.tiktok.com/1b911f6af6a4bf4a4e1e457696f42232/632914be/video/tos/alisg/tos-alisg-pve-0037c001/2b94988c64984c3e80dcec46e2a3cb17/?a=1988&ch=0&cr=0&dr=0&lr=tiktok_m&cd=0%7C0%7C1%7C0&cv=1&br=2708&bt=1354&cs=0&ds=3&ft=eXd.6HHoMyq8Zn5hshe2NXPwyl7Gb&mime_type=video_mp4&qs=0&rc=Nzg3ZWUzNzNmZTRmNTs0ZEBpanN1czo6Zjs7PDMzODczNEAtMmE2YF41NWIxXmEtXy5fYSNmYGdrcjRnXzFgLS1kMS1zcw%3D%3D&l=20220920001739010190176014057FA405&btag=80000,https://sf16-ies-music-sg.tiktokcdn.com/obj/tos-alisg-ve-2774/8c1cf4e8d68b47b79b326b0e6bf7568e
6958603581675031814,#fyp #meme #funny #meme #vine,"fyp, meme, funny, vine",6929583089811522566,crinka11,Chris Rinker,False,6958603467573496581,original sound,Chris Rinker,True,79700000,205500,157000,https://v16-webapp.tiktok.com/f4cc328e7b005015d60bf0d0e1f8a6d9/632914bf/video/tos/useast2a/tos-useast2a-ve-0068c002/3e9a31d1340143e1ad520396bf4f585a/?a=1988&ch=0&cr=0&dr=0&lr=tiktok_m&cd=0%7C0%7C1%7C0&cv=1&br=1380&bt=690&cs=0&ds=3&ft=eXd.6HHoMyq8Z~5hshe2Nktwyl7Gb&mime_type=video_mp4&qs=0&rc=OTM0PDxmNDw0OGc7ZDU5M0BpanVpc3U7dTh4NTMzNzczM0A2MGMtMTQtXzIxXi0tMC4zYSNmYzJsM2xebjVgLS1kMTZzcw%3D%3D&l=202209200017400102230771541381D5FE&btag=80000,https://sf16-ies-music-va.tiktokcdn.com/obj/musically-maliva-obj/6958603596321655557.mp3
7085715579541228842,The end üòÇüòÇ#funny #pet #animals #pets #dogs #dog #cats #cat #animal #wee #fyp #viral #ü§£ü§£ü§£,"funny, pet, animals, pets, dogs, dog, cats, cat, animal, wee, fyp, viral, ü§£ü§£ü§£",7019230349620184069,funny_v.i.p,funny_v.i.p,False,7085715545219140394,original sound,funny_v.i.p,True,123100000,395400,93000,https://v16-webapp.tiktok.com/7de83efb7bacb85e9ecb76c4ad762d1c/632914e2/video/tos/maliva/tos-maliva-ve-0068c799-us/c8c63edc10a243a69629d1f87953e6b4/?a=1988&ch=0&cr=0&dr=0&lr=tiktok_m&cd=0%7C0%7C1%7C0&cv=1&br=3044&bt=1522&cs=0&ds=3&ft=eXd.6HHoMyq8Z~5hshe2NLPELl7Gb&mime_type=video_mp4&qs=0&rc=ZzhlZWg3NDY7OGc6OTM4NUBpajY5NTU6Zm5yPDMzZzczNEBjXy80XmMzNjMxLzQwMV4yYSM1cWo2cjRnNV5gLS1kMS9zcw%3D%3D&l=202209200017400102230771541381D60B&btag=80000,https://sf16.tiktokcdn-us.com/obj/ies-music-tx/7085715573354777390.mp3
6911397395402165505,Wee üòÇ #foryou #foryoupage #4u #tiktok #animals #xyzbca #fypage #funny #wee #dog #fyp #viral #fy,"foryou, foryoupage, 4u, tiktok, animals, xyzbca, fypage, funny, wee, dog, fyp, viral, fy, Ê≠êÁæéËø∑Âõ†",6910135297574568961,funnyvids2k21,Funny Vids 2k21,False,6901784069365975809,.....Wiii,‚ö° ùïµùñäùñòùñöùñò‚ö°,True,128500000,622300,171800,https://v16-webapp.tiktok.com/626f7daa924891bdef01123f7d92bd01/632914bc/video/tos/alisg/tos-alisg-pve-0037c001/925d13a7ebd1455a8e0e4035235508ba/?a=1988&ch=0&cr=0&dr=0&lr=tiktok_m&cd=0%7C0%7C1%7C0&cv=1&br=1896&bt=948&cs=0&ds=3&ft=eXd.6HHoMyq8Z15hshe2NIZJLl7Gb&mime_type=video_mp4&qs=0&rc=Njc5O2doN2lpaTo5OztoNUBpMzhtOG1rbGs2eTMzZDczM0A0YWAtMjQ2Xi8xLi82Ly00YSNoL2hnMzQuYmlfLS1iMTRzcw%3D%3D&l=202209200017410102230771541381D61E&btag=80000,https://sf16-ies-music-sg.tiktokcdn.com/obj/tiktok-obj/6903845589205715713.mp3
7095718692960374058,#weee #ü§£ü§£ü§£ #pets #cat #pet #animals #animal #catlover #fun #dog #funnyy #dogs #cats #funnyvideos #funny #wee,"weee, ü§£ü§£ü§£, pets, cat, pet, animals, animal, catlover, fun, dog, funnyy, dogs, cats, funnyvideos, funny, wee",6958383884019975174,cute__cheese,cute_cheese,False,7095718563507555118,original sound,cute_cheese,True,148100000,194300,35600,https://v16-webapp.tiktok.com/2ec09447f0f8af1f7c14e44311ec3426/632914df/video/tos/maliva/tos-maliva-ve-0068c799-us/1759c97827ea4a0b808c1d0c48117176/?a=1988&ch=0&cr=0&dr=0&lr=tiktok_m&cd=0%7C0%7C1%7C0&cv=1&br=3122&bt=1561&cs=0&ds=3&ft=eXd.6HHoMyq8Z15hshe2N7rZLl7Gb&mime_type=video_mp4&qs=0&rc=NzplaWdlNmU6aDg5O2k4OkBpam87ajY6Zm1qPDMzZzczNEAvLWMtNS81Ni0xNjYxLzJgYSNpZmtecjRncHBgLS1kMS9zcw%3D%3D&l=202209200017410102230771541381D631&btag=80000,https://sf16.tiktokcdn-us.com/obj/ies-music-tx/7095718649805425454.mp3
6866927712745901318,It threw upüòπüòπüòπ#cat #petlifes #funny,"cat, petlifes, funny, ÎßàÏù¥Ìé´, ÂØµÁâ©Ëø∑Âõ†, hilariouspetstv, hilariouspetstiktoktv",6824844396816647174,kitty_perferred,Kitty catÔΩúKucing,False,6866927701777746693,original sound,Kitty catÔΩúKucing,True,112500000,1400000,181300,https://v16-webapp.tiktok.com/5e7d793b01687a5835458798494d4bb5/632914bc/video/tos/useast2a/tos-useast2a-pve-0068/b07181dd7099406fb1b7c98dd2d3c6ae/?a=1988&ch=0&cr=0&dr=0&lr=tiktok_m&cd=0%7C0%7C1%7C0&cv=1&br=3040&bt=1520&cs=0&ds=3&ft=eXd.6HHoMyq8ZF5hshe2NdI3yl7Gb&mime_type=video_mp4&qs=0&rc=NzQ7aTk0OzpoaTY3M2loaUBpMzdxZXN4OXE2dzMzOTczM0A1Li8yXjUvNmAxNTRhXjJeYSNubWZkZ2VnaDNfLS1eMTZzcw%3D%3D&l=20220920001742010190176014057FA48A&btag=80000,https://sf16-ies-music-va.tiktokcdn.com/obj/musically-maliva-obj/6866927631686716165.mp3
6918375185200598273,@‚ù§Ô∏èSasha&Vanya&Roma‚ù§Ô∏è ÎãòÍ≥º #Ïù¥Ïñ¥Ï∞çÍ∏∞  #Ï∂îÏ≤ú #fyp #viral #funny #xyzbca #„Åä„Åô„Åô„ÇÅ,"Ïù¥Ïñ¥Ï∞çÍ∏∞, Ï∂îÏ≤ú, fyp, viral, funny, xyzbca, „Åä„Åô„Åô„ÇÅ",6869286989888406529,ox_zung,ÏõêÏ†ïÎß® WonJeong,True,6918375171434892034,Ïò§Î¶¨ÏßÄÎÑê ÏÇ¨Ïö¥Îìú - ÏõêÏ†ïÎß® WonJeong,ÏõêÏ†ïÎß® WonJeong,True,160700000,61600,72800,https://v16-webapp.tiktok.com/d7c1c366465167431271f20360fd392f/632914c8/video/tos/alisg/tos-alisg-pve-0037/e794131c2d8144e4a950dac2b8e2eb24/?a=1988&ch=0&cr=0&dr=0&lr=tiktok&cd=0%7C0%7C1%7C0&cv=1&br=2078&bt=1039&cs=0&ds=3&ft=eXd.6HHoMyq8ZF5hshe2NTAeyl7Gb&mime_type=video_mp4&qs=0&rc=ZTw3OTw6ZWllZzhkOTM6NkBpMzZocWc7ZHJqMzMzZjgzM0BjYDE2Mi0tNi4xLzYuYWBhYSMzNWwzLW9tLy5gLS1eLzRzcw%3D%3D&l=202209200017420102230771541381D669&btag=80000,https://sf16-ies-music-sg.tiktokcdn.com/obj/tiktok-obj/6918375138820180737.mp3
7083862667613490474,The endüòÇ #funny #funnyvideos #animals #haha #meme #dog #cat #fypage #viral #pets,"funny, funnyvideos, animals, haha, meme, dog, cat, fypage, viral, pets",7083448802635596842,iampets_com,IamP√©ts,False,7083862588760738606,nh·∫°c n·ªÅn,IamP√©ts,True,107400000,325900,54800,https://v16-webapp.tiktok.com/07f0c9b65293f4751db916eb91856485/632914d0/video/tos/maliva/tos-maliva-ve-0068c799-us/805206f34a7b4d8aaa52488af92e6cf7/?a=1988&ch=0&cr=0&dr=0&lr=tiktok_m&cd=0%7C0%7C1%7C0&cv=1&br=2798&bt=1399&cs=0&ds=3&ft=eXd.6HHoMyq8Zc5hshe2NHHoyl7Gb&mime_type=video_mp4&qs=0&rc=ZTxnMzY2PGdkOjQ8ODQzaEBpanUzaGg6ZmloPDMzZzczNEBhXy81MTIzXzYxX2BeMF42YSMyamY1cjRncjRgLS1kMS9zcw%3D%3D&l=202209200017430102230771541381D683&btag=80000,https://sf19.tiktokcdn-us.com/obj/ies-music-tx/7083862650291211054.mp3
6991131155013668102,Wait / Go #fyp„Ç∑ #charlie #wait #go #funny #cute #comedy,"fyp„Ç∑, charlie, wait, go, funny, cute, comedy, ËêåÂØµÊêûÁ¨ëÂêàÈõÜ",6809110740621706245,charliethechipmunk,Charlie,False,6991131022125550342,original sound,Charlie,True,144400000,223900,88100,https://v16-webapp.tiktok.com/3a0fa3db0d053f0147ccaa9a718096eb/632914c7/video/tos/useast2a/tos-useast2a-ve-0068c004/59fd8e4ba7b84d32b9d4a25b73a17c22/?a=1988&ch=0&cr=0&dr=0&lr=tiktok_m&cd=0%7C0%7C1%7C0&cv=1&br=2874&bt=1437&cs=0&ds=3&ft=eXd.6HHoMyq8Zc5hshe2Nsz3yl7Gb&mime_type=video_mp4&qs=0&rc=ZWQ2ODs1PDNpNmk5OTxmaUBpajl0M2c6ZmVxNzMzNzczM0A1Yi5gNDZhXzExYTU0YTYyYSNrMm1lcjRfbS9gLS1kMTZzcw%3D%3D&l=20220920001743010217094095227F77DD&btag=80000,https://sf16-ies-music-va.tiktokcdn.com/obj/musically-maliva-obj/6991131113037007622.mp3
6987393714888985862,Android vs Apple üòÅ #mercuri_88 #littlebrother #mom #foryou #foryoupage #fyp #fyp„Ç∑ #funny #comedy #humor #xyzbca #apple #4u #fy #pov #trend #viral,"mercuri_88, littlebrother, mom, foryou, foryoupage, fyp, fyp„Ç∑, funny, comedy, humor, xyzbca, apple, 4u, fy, pov, trend, viral",6825955517942039558,mercuri_88,Manuel Mercuri,True,6890171723216718593,Originalton,Kaan,True,120400000,365300,135500,https://v16-webapp.tiktok.com/64ed9f97bf1930afe3e5848d789489fa/632914c2/video/tos/useast2a/tos-useast2a-ve-0068c002/005d750731f641fca78e4d818d364421/?a=1988&ch=0&cr=0&dr=0&lr=tiktok_m&cd=0%7C0%7C1%7C0&cv=1&br=3176&bt=1588&cs=0&ds=3&ft=eXd.6HHoMyq8Z_5hshe2NQE0yl7Gb&mime_type=video_mp4&qs=0&rc=NjY0ZGczOjc8NDloZjVlN0Bpajp4MzQ6Zjc2NjMzNzczM0BhNDMyM2E2NS4xYjAzXy5iYSNgZWUzcjQwX3BgLS1kMTZzcw%3D%3D&l=20220920001744010190219204127DD68B&btag=80000,https://sf16-ies-music-sg.tiktokcdn.com/obj/tiktok-obj/6890171659102227202.mp3
7077245175319366917,#animal #funny #pets #frijoles,"animal, funny, pets, frijoles",6659793403343503366,popsita_,Popsita,False,7069246778851281669,sonido original,‚†ÄÃ§Ã´,True,84200000,426900,192000,https://v16-webapp.tiktok.com/7d35ef326c7fdf826ee5a627a28c60cb/632914be/video/tos/useast2a/tos-useast2a-ve-0068c003/382a5f8788af41f6b67728e340cac3f4/?a=1988&ch=0&cr=0&dr=0&lr=tiktok_m&cd=0%7C0%7C0%7C0&br=886&bt=443&cs=0&ds=1&ft=eXd.6HHoMyq8Z_5hshe2N9ewyl7Gb&mime_type=video_mp4&qs=0&rc=M2Y4NjU8Omg3ZjxpaTk0ZEBpM3g2Njg6ZmhwOzMzNzczM0BjXi41NmAwNWIxLjMuMl5gYSNxZWdwcjRnbW9gLS1kMTZzcw%3D%3D&l=20220920001744010190219204127DD6A3&btag=80000,https://sf16-ies-music-va.tiktokcdn.com/obj/musically-maliva-obj/7069246767509883653.mp3
6925644731653393670,"Uhhh, she isn‚Äôt robbing anyone with that mask. #challenge #fyp #follow4follow #kitten #funny #laugh #hilarious #sock #animal #fail #kitty #cat   ü§£","challenge, fyp, follow4follow, kitten, funny, laugh, hilarious, sock, animal, fail, kitty, cat, hilariouspetstv, hilariouspetstiktoktv",6754738047721866246,ttmmff100,‚ô°  Tay,False,6919687211701062406,Aint No simpin,WheresyourhoodieBoogie?,True,63500000,1000000,347400,https://v16-webapp.tiktok.com/d7f954f3b60e485f3695601a746e115c/632914c2/video/tos/useast2a/tos-useast2a-pve-0068/5b28bf0be36b41adb090b99e54f52207/?a=1988&ch=0&cr=0&dr=0&lr=tiktok_m&cd=0%7C0%7C1%7C0&cv=1&br=1982&bt=991&cs=0&ds=3&ft=eXd.6HHoMyq8Zv5hshe2NJf4yl7Gb&mime_type=video_mp4&qs=0&rc=ZTg7ODU3Zzo2ODVkNjM5M0Bpamt5cGR1c2pnMzMzNzczM0AzNTBfYmE0XmIxLjFfNjY2YSNtLnMvcDUtXmJgLS0yMTZzcw%3D%3D&l=20220920001744010191063205168166F0&btag=80000,https://sf16-ies-music-va.tiktokcdn.com/obj/musically-maliva-obj/6919687239559662341.mp3
7062053199888338222,Still gets me every timeü§£ #gheefunny #mcdonaldshacks #fyp #foryoupage #DIYwithBlock #foryou #viral #famous #funny #comedy #hilarious #fy #fyp„Ç∑ #share,"gheefunny, mcdonaldshacks, fyp, foryoupage, DIYwithBlock, foryou, viral, famous, funny, comedy, hilarious, fy, fyp„Ç∑, share",6788544472252580869,majorisnotreal,major,False,7062053147518487343,original sound,major,True,74200000,1000000,120600,https://v16-webapp.tiktok.com/9849cdd581147f7bc0535177f87ad44b/632914e3/video/tos/maliva/tos-maliva-ve-0068c799-us/508dfcbbc9b94de2a9d10e6af001688c/?a=1988&ch=0&cr=0&dr=0&lr=tiktok_m&cd=0%7C0%7C1%7C0&cv=1&br=1142&bt=571&cs=0&ds=3&ft=eXd.6HHoMyq8Zv5hshe2NIr3yl7Gb&mime_type=video_mp4&qs=0&rc=NWc6NDQ1ZTg5aDdkNTZnNEBpMzY0bjM6ZnNxOzMzZzczNEAyNjMvMTIzXl8xYDZjMWAuYSMzZTMvcjRfMy1gLS1kMS9zcw%3D%3D&l=202209200017450101910632051681670C&btag=80000,https://sf19.tiktokcdn-us.com/obj/ies-music-tx/7062053189054630702.mp3
6744084223445044485,The last guy tho üòÇüòÇüòÇ #lol #funny #foryou #foryoupage #fail #meme #relatable #crazy #wow #haha,"lol, funny, foryou, foryoupage, fail, meme, relatable, crazy, thatssotiktok",6734403205457642502,samuelgrubbs,Samuel Grubbs,True,6691366574592396038,Woah,KRYPTO9095,False,133400000,707400,59400,https://v16-webapp.tiktok.com/5bfb1ac1571a30c89fe5b6ee705f3bd5/632914cb/video/tos/useast2a/tos-useast2a-ve-0068/ed617165988b4b5d995eefb45fd0ab23/?a=1988&ch=0&cr=0&dr=0&lr=tiktok_m&cd=0%7C0%7C1%7C0&cv=1&br=3970&bt=1985&cs=0&ds=3&ft=eXd.6HHoMyq8Zv5hshe2NZhoyl7Gb&mime_type=video_mp4&qs=0&rc=NWZpZzg8ZmQ4aTtoZDQ6OUBpMzhsb3c7NHh2cDMzNTczM0A1YDA2NmIvNmExYTEzX2I2YSNiXjBtZC1oZ19fLS0xMTZzcw%3D%3D&l=202209200017450102170950830F8054DF&btag=80000,https://sf16-ies-music-sg.tiktokcdn.com/obj/tos-alisg-ve-2774/8b7574ae7d864d259bc0ee18880505fe
7070507410154163498,NERF GUN!!!! #funny #choir #singing #comedy,"funny, choir, singing, comedy",6867985327110325253,moist_carpetva,Xavier,False,7070507350896937770,original sound,Xavier,True,53600000,227000,105400,https://v16-webapp.tiktok.com/6173f1acca06b73c56837c9382af59c2/632914c5/video/tos/maliva/tos-maliva-ve-0068c799-us/5f95184b3c8d45818de0644a44ff6116/?a=1988&ch=0&cr=0&dr=0&lr=tiktok_m&cd=0%7C0%7C1%7C0&cv=1&br=2330&bt=1165&cs=0&ds=3&ft=eXd.6HHoMyq8ZJ5hshe2N7rZLl7Gb&mime_type=video_mp4&qs=0&rc=NjZkNmY6ZThnNTg0Z2dpZkBpajs3bDo6ZmpxOzMzZzczNEAwMzYzNC9hNTAxNWAwYmM2YSNxb2ExcjRvbWNgLS1kMS9zcw%3D%3D&l=20220920001746010190176049037F0DDB&btag=80000,https://sf16.tiktokcdn-us.com/obj/ies-music-tx/7070507376121645870.mp3
7091565469458582830,#funny #animals #foryou,"funny, animals, foryou",7083310636173165614,kara3924,daily funny,False,7091565220392373038,nh·∫°c n·ªÅn,daily funny,True,166300000,393000,165400,https://v16-webapp.tiktok.com/3795bf3707790f28cbaff2a41a732057/632914c6/video/tos/maliva/tos-maliva-ve-0068c799-us/076420df543f49b2b77ed30a80d6152c/?a=1988&ch=0&cr=0&dr=0&lr=tiktok_m&cd=0%7C0%7C0%7C0&br=3106&bt=1553&cs=0&ds=3&ft=eXd.6HHoMyq8ZJ5hshe2NIZJLl7Gb&mime_type=video_mp4&qs=0&rc=NjozNTQ2Njk7Z2U0NzdpZEBpM3RyZWU6Zjw3PDMzZzczNEAtNTYyYjUwXi4xY2ItLjEtYSNgLmBxcjQwbmlgLS1kMS9zcw%3D%3D&l=20220920001746010190208021257F4710&btag=80000,https://sf16.tiktokcdn-us.com/obj/ies-music-tx/7091565371722877738.mp3
7104636715394043182,The end üòÇüòÇ#funny #funnyvideos #pets #dog #pet #animal #cats #animals #dogs #catsoftiktok #cat #ü§£ü§£ü§£,"funny, funnyvideos, pets, dog, pet, animal, cats, animals, dogs, catsoftiktok, cat, ü§£ü§£ü§£",7019230349620184069,funny_v.i.p,funny_v.i.p,False,7104636650046671658,original sound,funny_v.i.p,True,115300000,528600,58900,https://v16-webapp.tiktok.com/1084295fb413bc55545a9456e9a9d091/632914e4/video/tos/maliva/tos-maliva-ve-0068c799-us/5cbdd761df4d4984afd58529b03fe0ca/?a=1988&ch=0&cr=0&dr=0&lr=tiktok_m&cd=0%7C0%7C1%7C0&cv=1&br=2504&bt=1252&cs=0&ds=3&ft=eXd.6HHoMyq8Zx5hshe2Ngmqyl7Gb&mime_type=video_mp4&qs=0&rc=ZjM5NGQ6aWU1ODppOzM2Z0BpajZ3Ojg6ZmdlZDMzZzczNEBeMDYuMGE1NS4xNC9jLy8tYSNvbmFfcjRfbmBgLS1kMS9zcw%3D%3D&l=20220920001747010190176049037F0E47&btag=80000,https://sf16.tiktokcdn-us.com/obj/ies-music-tx/7104636700055456555.mp3
6911421504634850565,This is the best gift idea I‚Äôve ever had. #greenscreen #photoshop #christmas #gift #family #familypictures #funny,"greenscreen, photoshop, christmas, gift, family, familypictures, funny, holidaycheertiktoktv",6767555264314229765,kylescheele,kylescheele,True,6911423093265173254,original sound,kylescheele,True,68400000,212600,87600,https://v16-webapp.tiktok.com/511445c64186157d59c98608016dad29/632914f4/video/tos/useast2a/tos-useast2a-ve-0068c002/8e4eafb1ab6d41a58bb1678ac540ff7d/?a=1988&ch=0&cr=0&dr=0&lr=tiktok_m&cd=0%7C0%7C1%7C0&cv=1&br=2128&bt=1064&cs=0&ds=3&ft=eXd.6HHoMyq8Zx5hshe2Noywyl7Gb&mime_type=video_mp4&qs=0&rc=NjQ1MzpkZztnMzY6ZDw0NkBpM3RwdjZrcDk3eTMzZzczM0AxM2EzLl8xNWMxNTMtNDBiYSNla25fMHNqbmlfLS0vMTZzcw%3D%3D&l=20220920001747010190208021257F474F&btag=80000,https://sf16-ies-music-va.tiktokcdn.com/obj/musically-maliva-obj/6911423082972384006.mp3
